cluster,cluster_name,time_block,trips_2025,trips_change_pct,wait_2025_min,wait_change_min,margin_per_trip,driver_pay_per_hr,opportunity_usd_low,opportunity_usd_mid,opportunity_usd_high
0,Growing outer boroughs,1 Night (12-6am),3962217.0,1.867,5.493,0.589,3.716,66.572,189358.912,473397.28,757435.648
0,Growing outer boroughs,2 Morning (6-10am),7279055.0,4.901,4.863,0.446,3.668,59.247,259986.735,649966.837,1039946.939
0,Growing outer boroughs,3 Midday (10am-4pm),10475156.0,3.853,4.518,0.283,3.023,57.697,195353.631,488384.078,781414.525
0,Growing outer boroughs,4 Evening (4-8pm),7726527.0,3.421,4.576,0.389,2.383,56.931,156404.626,391011.564,625618.502
0,Growing outer boroughs,5 Late (8pm-12am),5885578.0,1.472,5.156,0.461,2.339,61.397,138558.87,346397.175,554235.481
1,Toll zone,1 Night (12-6am),5539447.0,-11.27,4.91,0.039,9.555,73.487,44584.873,111462.181,178339.49
1,Toll zone,2 Morning (6-10am),6119717.0,-5.192,3.986,0.017,11.909,67.357,26414.698,66036.744,105658.791
1,Toll zone,3 Midday (10am-4pm),12698394.0,-6.44,3.875,-0.017,12.82,61.63,0.0,0.0,0.0
1,Toll zone,4 Evening (4-8pm),11040757.0,-7.738,4.419,-0.103,11.141,62.252,0.0,0.0,0.0
1,Toll zone,5 Late (8pm-12am),10593756.0,-11.307,4.846,-0.025,9.504,66.583,0.0,0.0,0.0
2,Steady inner boroughs,1 Night (12-6am),8428229.0,-3.964,5.278,0.433,4.848,67.426,386286.642,965716.606,1545146.569
2,Steady inner boroughs,2 Morning (6-10am),11530380.0,-1.452,5.071,0.374,5.183,61.245,487969.225,1219923.062,1951876.9
2,Steady inner boroughs,3 Midday (10am-4pm),17973063.0,-1.775,4.612,0.234,4.371,57.709,401055.153,1002637.883,1604220.612
2,Steady inner boroughs,4 Evening (4-8pm),14974961.0,-3.017,4.789,0.274,3.682,57.174,329696.494,824241.236,1318785.978
2,Steady inner boroughs,5 Late (8pm-12am),13452620.0,-5.931,4.91,0.29,3.39,61.422,288153.217,720383.042,1152612.867
3,Fast-growing periphery,1 Night (12-6am),561540.0,8.304,7.306,1.005,4.179,74.838,51479.977,128699.942,205919.908
3,Fast-growing periphery,2 Morning (6-10am),1011250.0,12.239,5.971,0.845,3.968,65.913,74017.012,185042.531,296068.049
3,Fast-growing periphery,3 Midday (10am-4pm),1602104.0,10.845,5.689,0.796,3.258,63.385,90654.432,226636.08,362617.727
3,Fast-growing periphery,4 Evening (4-8pm),1187455.0,10.092,5.905,0.939,2.437,63.373,59259.527,148148.819,237038.11
3,Fast-growing periphery,5 Late (8pm-12am),877006.0,9.897,6.798,1.032,2.275,68.823,44910.776,112276.941,179643.106
