outcome,method,effect_pct,ci_low,ci_high,p_value,significant
Trips,Difference-in-differences,-6.03,-9.19,-2.75,0.0,Significant (p < 0.05)
Trips,DiD + pre-existing trend,-2.97,-10.15,4.78,0.44,Not significant
Rider cost per trip,Difference-in-differences,9.27,7.51,11.06,0.0,Significant (p < 0.05)
Rider cost per trip,DiD + pre-existing trend,4.97,1.18,8.91,0.01,Significant (p < 0.05)
Traffic speed,Difference-in-differences,3.68,1.65,5.75,0.0,Significant (p < 0.05)
Traffic speed,DiD + pre-existing trend,13.76,9.75,17.93,0.0,Significant (p < 0.05)
Driver pay per hour,Difference-in-differences,4.14,3.11,5.18,0.0,Significant (p < 0.05)
Driver pay per hour,DiD + pre-existing trend,6.48,4.07,8.94,0.0,Significant (p < 0.05)
Trips,ML forecast (placebo-adjusted),-4.4,,,,Point estimate
