month,company,trips,toll_revenue,tolled_trips
2023-01-01,Lyft,4709649.0,0.0,0.0
2023-01-01,Uber,13028642.0,0.0,0.0
2023-01-01,Yellow,2941080.0,0.0,0.0
2023-02-01,Lyft,4493667.0,0.0,0.0
2023-02-01,Uber,12767978.0,0.0,0.0
2023-02-01,Yellow,2798151.0,0.0,0.0
2023-03-01,Lyft,5622419.0,0.0,0.0
2023-03-01,Uber,13970178.0,0.0,0.0
2023-03-01,Yellow,3275893.0,0.0,0.0
2023-04-01,Lyft,4917599.0,0.0,0.0
2023-04-01,Uber,13432145.0,0.0,0.0
2023-04-01,Yellow,3167527.0,0.0,0.0
2023-05-01,Lyft,5306037.0,0.0,0.0
2023-05-01,Uber,13690246.0,0.0,0.0
2023-05-01,Yellow,3381307.0,0.0,0.0
2023-06-01,Lyft,5303463.0,0.0,0.0
2023-06-01,Uber,13236953.0,0.0,0.0
2023-06-01,Yellow,3176348.0,0.0,0.0
2023-07-01,Lyft,5155068.0,0.0,0.0
2023-07-01,Uber,13178070.0,0.0,0.0
2023-07-01,Yellow,2778796.0,0.0,0.0
2023-08-01,Lyft,4946636.0,0.0,0.0
2023-08-01,Uber,12597143.0,0.0,0.0
2023-08-01,Yellow,2691743.0,0.0,0.0
2023-09-01,Lyft,5312134.0,0.0,0.0
2023-09-01,Uber,13727882.0,0.0,0.0
2023-09-01,Yellow,2675576.0,0.0,0.0
2023-10-01,Lyft,5577209.0,0.0,0.0
2023-10-01,Uber,13763528.0,0.0,0.0
2023-10-01,Yellow,3314849.0,0.0,0.0
2023-11-01,Lyft,5250694.0,0.0,0.0
2023-11-01,Uber,13196429.0,0.0,0.0
2023-11-01,Yellow,3155591.0,0.0,0.0
2023-12-01,Lyft,5974149.0,0.0,0.0
2023-12-01,Uber,13655042.0,0.0,0.0
2023-12-01,Yellow,3225399.0,0.0,0.0
2024-01-01,Lyft,5030320.0,0.0,0.0
2024-01-01,Uber,13881274.0,0.0,0.0
2024-01-01,Yellow,2838789.0,0.0,0.0
2024-02-01,Lyft,4754520.0,0.0,0.0
2024-02-01,Uber,13838879.0,0.0,0.0
2024-02-01,Yellow,2873108.0,0.0,0.0
2024-03-01,Lyft,5432632.0,0.0,0.0
2024-03-01,Uber,15010369.0,0.0,0.0
2024-03-01,Yellow,3405692.0,0.0,0.0
2024-04-01,Lyft,4795398.0,0.0,0.0
2024-04-01,Uber,14128134.0,0.0,0.0
2024-04-01,Yellow,3379423.0,0.0,0.0
2024-05-01,Lyft,4919370.0,0.0,0.0
2024-05-01,Uber,14908810.0,0.0,0.0
2024-05-01,Yellow,3578821.0,0.0,0.0
2024-06-01,Lyft,4732245.0,0.0,0.0
2024-06-01,Uber,14522926.0,0.0,0.0
2024-06-01,Yellow,3391037.0,0.0,0.0
2024-07-01,Lyft,4623135.0,0.0,0.0
2024-07-01,Uber,13748217.0,0.0,0.0
2024-07-01,Yellow,2939345.0,0.0,0.0
2024-08-01,Lyft,4787546.0,0.0,0.0
2024-08-01,Uber,13527023.0,0.0,0.0
2024-08-01,Yellow,2834465.0,0.0,0.0
2024-09-01,Lyft,4381546.0,0.0,0.0
2024-09-01,Uber,13975477.0,0.0,0.0
2024-09-01,Yellow,3449825.0,0.0,0.0
2024-10-01,Lyft,4656704.0,0.0,0.0
2024-10-01,Uber,14454506.0,0.0,0.0
2024-10-01,Yellow,3640516.0,0.0,0.0
2024-11-01,Lyft,4680900.0,0.0,0.0
2024-11-01,Uber,14451007.0,0.0,0.0
2024-11-01,Yellow,3477264.0,0.0,0.0
2024-12-01,Lyft,4916341.0,0.0,0.0
2024-12-01,Uber,15187658.0,0.0,0.0
2024-12-01,Yellow,3484196.0,0.0,0.0
2025-01-01,Lyft,4859087.0,2396970.0,1597975.0
2025-01-01,Uber,14711860.0,6605070.0,4403380.0
2025-01-01,Yellow,3224856.0,1594922.25,2126563.0
2025-02-01,Lyft,4749173.0,2587506.0,1725000.0
2025-02-01,Uber,13781133.0,7144279.5,4762853.0
2025-02-01,Yellow,3281899.0,1826631.25,2435501.0
2025-03-01,Lyft,5714640.0,3034155.0,2022768.0
2025-03-01,Uber,13850841.0,6949449.0,4632966.0
2025-03-01,Yellow,3799725.0,2122534.25,2829963.0
2025-04-01,Lyft,5155525.0,2857041.0,1904691.0
2025-04-01,Uber,13706565.0,6993834.0,4662556.0
2025-04-01,Yellow,3644175.0,2027852.25,2703803.0
2025-05-01,Lyft,5794191.0,3138019.5,2092009.0
2025-05-01,Uber,14319496.0,7110532.5,4740355.0
2025-05-01,Yellow,4059891.0,2236865.0,2982486.0
2025-06-01,Lyft,5455887.0,2804299.5,1869528.0
2025-06-01,Uber,13466427.0,6654834.0,4436556.0
2025-06-01,Yellow,3838255.0,2128189.25,2837585.0
2025-07-01,Lyft,5252684.0,2723791.5,1815856.0
2025-07-01,Uber,13457596.0,6625366.5,4416911.0
2025-07-01,Yellow,3465406.0,1939569.5,2586085.0
2025-08-01,Lyft,5271802.0,2548344.0,1698873.0
2025-08-01,Uber,12898087.0,6328122.0,4218748.0
2025-08-01,Yellow,3151481.0,1747981.5,2330642.0
2025-09-01,Lyft,5130641.0,2602545.0,1734964.0
2025-09-01,Uber,13348596.0,7237525.5,4825017.0
2025-09-01,Yellow,3808070.0,2116087.5,2821441.0
2025-10-01,Lyft,5532423.0,2967205.5,1978133.0
2025-10-01,Uber,14752856.0,7757407.5,5171605.0
2025-10-01,Yellow,3912190.0,2164101.75,2885469.0
2025-11-01,Lyft,5624923.0,2913915.0,1942607.0
2025-11-01,Uber,14220010.0,7178850.0,4785900.0
2025-11-01,Yellow,3614418.0,1980162.75,2640217.0
2025-12-01,Lyft,5829762.0,2788195.5,1858796.0
2025-12-01,Uber,15238144.0,7185091.5,4790061.0
2025-12-01,Yellow,4017848.0,2177482.5,2903310.0
2026-01-01,Lyft,5404506.0,2602594.5,1735059.0
2026-01-01,Uber,14588604.0,6736365.0,4490910.0
2026-01-01,Yellow,3492059.0,1861667.25,2482223.0
2026-02-01,Lyft,5482072.0,2447176.5,1631444.0
2026-02-01,Uber,13563861.0,6424960.5,4283307.0
2026-02-01,Yellow,3188657.0,1700703.75,2267605.0
2026-03-01,Lyft,5840568.0,2714491.5,1809656.0
2026-03-01,Uber,15253800.0,7215424.5,4810283.0
2026-03-01,Yellow,3738873.0,2010771.0,2681028.0
2026-04-01,Lyft,5342721.0,2487316.5,1658176.0
2026-04-01,Uber,14695626.0,7356285.0,4904190.0
2026-04-01,Yellow,3650023.0,1969201.5,2625602.0
2026-05-01,Lyft,6448977.0,2915839.5,1943889.0
2026-05-01,Uber,14643088.0,7299777.0,4866518.0
2026-05-01,Yellow,3886923.0,1949544.0,2599392.0
2026-06-01,Lyft,5253465.0,2302807.5,1535202.0
2026-06-01,Uber,14521332.0,6879967.5,4586645.0
2026-06-01,Yellow,3619948.0,2020692.75,2694257.0
2026-07-01,Lyft,5408356.0,2332567.5,1555040.0
2026-07-01,Uber,14514980.0,7276812.0,4851208.0
2026-07-01,Yellow,3319205.0,1927938.75,2570585.0
