week_ending,series,weekly_trips
2023-01-08,Actual,853058.0
2023-01-15,Actual,1064741.0
2023-01-22,Actual,1135973.0
2023-01-29,Actual,1152062.0
2023-02-05,Actual,1175233.0
2023-02-12,Actual,1160426.0
2023-02-19,Actual,1106174.0
2023-02-26,Actual,1109052.0
2023-03-05,Actual,1122060.0
2023-03-12,Actual,1119246.0
2023-03-19,Actual,1139545.0
2023-03-26,Actual,1045913.0
2023-04-02,Actual,1068307.0
2023-04-09,Actual,1015411.0
2023-04-16,Actual,1071289.0
2023-04-23,Actual,1074943.0
2023-04-30,Actual,1185069.0
2023-05-07,Actual,1097267.0
2023-05-14,Actual,1058087.0
2023-05-21,Actual,1154733.0
2023-05-28,Actual,981068.0
2023-06-04,Actual,983044.0
2023-06-11,Actual,1085104.0
2023-06-18,Actual,1061752.0
2023-06-25,Actual,1051535.0
2023-07-02,Actual,970144.0
2023-07-09,Actual,876965.0
2023-07-16,Actual,1069896.0
2023-07-23,Actual,1086831.0
2023-07-30,Actual,1080793.0
2023-08-06,Actual,956816.0
2023-08-13,Actual,947997.0
2023-08-20,Actual,925954.0
2023-08-27,Actual,927554.0
2023-09-03,Actual,928860.0
2023-09-10,Actual,1186678.0
2023-09-17,Actual,1087703.0
2023-09-24,Actual,1090645.0
2023-10-01,Actual,1102904.0
2023-10-08,Actual,1057811.0
2023-10-15,Actual,1080246.0
2023-10-22,Actual,1102730.0
2023-10-29,Actual,1125249.0
2023-11-05,Actual,1061795.0
2023-11-12,Actual,1127669.0
2023-11-19,Actual,1123961.0
2023-11-26,Actual,790993.0
2023-12-03,Actual,1125844.0
2023-12-10,Actual,1206722.0
2023-12-17,Actual,1176553.0
2023-12-24,Actual,856886.0
2023-12-31,Actual,658689.0
2024-01-07,Actual,861188.0
2024-01-14,Actual,1018789.0
2024-01-21,Actual,1157501.0
2024-01-28,Actual,1122569.0
2024-02-04,Actual,1078850.0
2024-02-11,Actual,1117297.0
2024-02-18,Actual,1105523.0
2024-02-25,Actual,1070542.0
2024-03-03,Actual,1068440.0
2024-03-10,Actual,1066877.0
2024-03-17,Actual,1020475.0
2024-03-24,Actual,1097331.0
2024-03-31,Actual,1022842.0
2024-04-07,Actual,1085163.0
2024-04-14,Actual,1023183.0
2024-04-21,Actual,1073467.0
2024-04-28,Actual,1041773.0
2024-05-05,Actual,1135696.0
2024-05-12,Actual,1106906.0
2024-05-19,Actual,1150148.0
2024-05-26,Actual,978833.0
2024-06-02,Actual,976177.0
2024-06-09,Actual,1079280.0
2024-06-16,Actual,1075888.0
2024-06-23,Actual,1061122.0
2024-06-30,Actual,1034950.0
2024-07-07,Actual,806407.0
2024-07-14,Actual,1049755.0
2024-07-21,Actual,1075789.0
2024-07-28,Actual,1023266.0
2024-08-04,Actual,1038023.0
2024-08-11,Actual,1011706.0
2024-08-18,Actual,886329.0
2024-08-25,Actual,873628.0
2024-09-01,Actual,910281.0
2024-09-08,Actual,1086490.0
2024-09-15,Actual,1053412.0
2024-09-22,Actual,1057183.0
2024-09-29,Actual,1059477.0
2024-10-06,Actual,990089.0
2024-10-13,Actual,1038025.0
2024-10-20,Actual,1051126.0
2024-10-27,Actual,1075241.0
2024-11-03,Actual,1092089.0
2024-11-10,Actual,1052429.0
2024-11-17,Actual,1099283.0
2024-11-24,Actual,1100153.0
2024-12-01,Actual,832974.0
2024-12-08,Actual,1193373.0
2024-12-15,Actual,1254589.0
2024-12-22,Actual,1042089.0
2024-12-29,Actual,659870.0
2025-01-05,Actual,826718.0
2025-01-12,Actual,952894.0
2025-01-19,Actual,1031995.0
2025-01-26,Actual,1052231.0
2025-02-02,Actual,1028046.0
2025-02-09,Actual,1086833.0
2025-02-16,Actual,1080123.0
2025-02-23,Actual,1045456.0
2025-03-02,Actual,951920.0
2025-03-09,Actual,952400.0
2025-03-16,Actual,935668.0
2025-03-23,Actual,933802.0
2025-03-30,Actual,860315.0
2025-04-06,Actual,987175.0
2025-04-13,Actual,990163.0
2025-04-20,Actual,890675.0
2025-04-27,Actual,961355.0
2025-05-04,Actual,950142.0
2025-05-11,Actual,974699.0
2025-05-18,Actual,982208.0
2025-05-25,Actual,864827.0
2025-06-01,Actual,876476.0
2025-06-08,Actual,942028.0
2025-06-15,Actual,931501.0
2025-06-22,Actual,881612.0
2025-06-29,Actual,928942.0
2025-07-06,Actual,703574.0
2025-07-13,Actual,886356.0
2025-07-20,Actual,957167.0
2025-07-27,Actual,906339.0
2025-08-03,Actual,924833.0
2025-08-10,Actual,850096.0
2025-08-17,Actual,852557.0
2025-08-24,Actual,849794.0
2025-08-31,Actual,802687.0
2025-09-07,Actual,954237.0
2025-09-14,Actual,1070368.0
2025-09-21,Actual,1019317.0
2025-09-28,Actual,971542.0
2025-10-05,Actual,933133.0
2025-10-12,Actual,1050563.0
2025-10-19,Actual,1041666.0
2025-10-26,Actual,1029576.0
2025-11-02,Actual,1097469.0
2025-11-09,Actual,1020508.0
2025-11-16,Actual,1057799.0
2025-11-23,Actual,1033244.0
2025-11-30,Actual,732388.0
2025-12-07,Actual,1106989.0
2025-12-14,Actual,1221236.0
2025-12-21,Actual,996091.0
2025-12-28,Actual,581552.0
2026-01-04,Actual,733602.0
2026-01-11,Actual,870510.0
2026-01-18,Actual,983283.0
2026-01-25,Actual,918954.0
2026-02-01,Actual,866246.0
2026-02-08,Actual,973031.0
2026-02-15,Actual,1047861.0
2026-02-22,Actual,947594.0
2026-03-01,Actual,784595.0
2026-03-08,Actual,969717.0
2026-03-15,Actual,956380.0
2026-03-22,Actual,945804.0
2026-03-29,Actual,992150.0
2026-04-05,Actual,925622.0
2026-04-12,Actual,1004968.0
2026-04-19,Actual,998827.0
2026-04-26,Actual,1048489.0
2026-05-03,Actual,1004716.0
2026-05-10,Actual,1017661.0
2026-05-17,Actual,1010661.0
2026-05-24,Actual,933689.0
2026-05-31,Actual,872027.0
2026-06-07,Actual,1015518.0
2026-06-14,Actual,1004586.0
2026-06-21,Actual,889949.0
2026-06-28,Actual,928629.0
2026-07-05,Actual,803067.0
2026-07-12,Actual,939038.0
2026-07-19,Actual,1086493.0
2026-07-26,Actual,1004714.0
2025-01-05,Forecast without toll,128518.0078125
2025-01-12,Forecast without toll,980709.1875
2025-01-19,Forecast without toll,1070888.5
2025-01-26,Forecast without toll,1098123.75
2025-02-02,Forecast without toll,1053765.0
2025-02-09,Forecast without toll,1049896.5
2025-02-16,Forecast without toll,1075073.75
2025-02-23,Forecast without toll,1041628.6875
2025-03-02,Forecast without toll,1040852.1875
2025-03-09,Forecast without toll,1025400.4375
2025-03-16,Forecast without toll,1012510.125
2025-03-23,Forecast without toll,952595.5625
2025-03-30,Forecast without toll,888615.8125
2025-04-06,Forecast without toll,1006541.0
2025-04-13,Forecast without toll,1019968.875
2025-04-20,Forecast without toll,967447.1875
2025-04-27,Forecast without toll,1037880.25
2025-05-04,Forecast without toll,1048372.0
2025-05-11,Forecast without toll,1036768.875
2025-05-18,Forecast without toll,1044448.5
2025-05-25,Forecast without toll,938726.0
2025-06-01,Forecast without toll,916285.5625
2025-06-08,Forecast without toll,966959.8125
2025-06-15,Forecast without toll,983887.75
2025-06-22,Forecast without toll,916082.3125
2025-06-29,Forecast without toll,935549.8125
2025-07-06,Forecast without toll,785933.3125
2025-07-13,Forecast without toll,950678.9375
2025-07-20,Forecast without toll,981940.625
2025-07-27,Forecast without toll,948961.625
2025-08-03,Forecast without toll,959935.9375
2025-08-10,Forecast without toll,904584.375
2025-08-17,Forecast without toll,890438.0
2025-08-24,Forecast without toll,862837.75
2025-08-31,Forecast without toll,844478.6875
2025-09-07,Forecast without toll,978971.5625
2025-09-14,Forecast without toll,1030079.8125
2025-09-21,Forecast without toll,1009935.75
2025-09-28,Forecast without toll,976788.5
2025-10-05,Forecast without toll,1011508.1875
2025-10-12,Forecast without toll,1043758.25
2025-10-19,Forecast without toll,1059318.625
2025-10-26,Forecast without toll,1069767.75
2025-11-02,Forecast without toll,1067262.25
2025-11-09,Forecast without toll,1031248.75
2025-11-16,Forecast without toll,1066069.5
2025-11-23,Forecast without toll,1087213.75
2025-11-30,Forecast without toll,839128.125
2025-12-07,Forecast without toll,1183828.75
2025-12-14,Forecast without toll,1243290.25
2025-12-21,Forecast without toll,1062968.25
2025-12-28,Forecast without toll,651767.625
2026-01-04,Forecast without toll,798523.5
2026-01-11,Forecast without toll,938098.5625
2026-01-18,Forecast without toll,1048319.6875
2026-01-25,Forecast without toll,1069967.125
2026-02-01,Forecast without toll,1032537.1875
2026-02-08,Forecast without toll,1086682.25
2026-02-15,Forecast without toll,1048290.75
2026-02-22,Forecast without toll,972456.25
2026-03-01,Forecast without toll,1021138.9375
2026-03-08,Forecast without toll,1054826.625
2026-03-15,Forecast without toll,1031547.125
2026-03-22,Forecast without toll,1040560.4375
2026-03-29,Forecast without toll,1054756.5
2026-04-05,Forecast without toll,1053795.75
2026-04-12,Forecast without toll,1039757.375
2026-04-19,Forecast without toll,1049960.5
2026-04-26,Forecast without toll,1080756.0
2026-05-03,Forecast without toll,1055876.5
2026-05-10,Forecast without toll,1087961.25
2026-05-17,Forecast without toll,1031904.375
2026-05-24,Forecast without toll,1022676.375
2026-05-31,Forecast without toll,956139.0
2026-06-07,Forecast without toll,1080869.125
2026-06-14,Forecast without toll,1102334.625
2026-06-21,Forecast without toll,995676.8125
2026-06-28,Forecast without toll,1024519.9375
2026-07-05,Forecast without toll,862039.125
2026-07-12,Forecast without toll,1006920.6875
2026-07-19,Forecast without toll,1052315.125
2026-07-26,Forecast without toll,1029342.8125
