week,trip_group,trips
2023-01-02,Entering the zone,191727.0
2023-01-02,Boundary (60th St),184516.0
2023-01-02,Outside the zone,1519348.0
2023-01-02,Inside the zone,453653.0
2023-01-02,Exiting the zone,207678.0
2023-01-09,Exiting the zone,254075.0
2023-01-09,Inside the zone,585027.0
2023-01-09,Outside the zone,1662109.0
2023-01-09,Boundary (60th St),214272.0
2023-01-09,Entering the zone,225639.0
2023-01-16,Inside the zone,610863.0
2023-01-16,Exiting the zone,284977.0
2023-01-16,Boundary (60th St),228224.0
2023-01-16,Outside the zone,1761867.0
2023-01-16,Entering the zone,240133.0
2023-01-23,Inside the zone,627898.0
2023-01-23,Exiting the zone,284446.0
2023-01-23,Outside the zone,1824878.0
2023-01-23,Boundary (60th St),239100.0
2023-01-23,Entering the zone,239718.0
2023-01-30,Entering the zone,242643.0
2023-01-30,Exiting the zone,279280.0
2023-01-30,Boundary (60th St),246222.0
2023-01-30,Outside the zone,1881315.0
2023-01-30,Inside the zone,653310.0
2023-02-06,Entering the zone,240566.0
2023-02-06,Inside the zone,635981.0
2023-02-06,Boundary (60th St),229966.0
2023-02-06,Outside the zone,1823679.0
2023-02-06,Exiting the zone,283879.0
2023-02-13,Entering the zone,229270.0
2023-02-13,Exiting the zone,270696.0
2023-02-13,Outside the zone,1790602.0
2023-02-13,Boundary (60th St),215279.0
2023-02-13,Inside the zone,606208.0
2023-02-20,Outside the zone,1760212.0
2023-02-20,Boundary (60th St),217734.0
2023-02-20,Exiting the zone,278304.0
2023-02-20,Inside the zone,595840.0
2023-02-20,Entering the zone,234908.0
2023-02-27,Boundary (60th St),230148.0
2023-02-27,Outside the zone,1875976.0
2023-02-27,Exiting the zone,283130.0
2023-02-27,Inside the zone,599011.0
2023-02-27,Entering the zone,239919.0
2023-03-06,Exiting the zone,285538.0
2023-03-06,Entering the zone,233511.0
2023-03-06,Inside the zone,600197.0
2023-03-06,Outside the zone,1858728.0
2023-03-06,Boundary (60th St),226751.0
2023-03-13,Exiting the zone,286165.0
2023-03-13,Inside the zone,617394.0
2023-03-13,Boundary (60th St),228942.0
2023-03-13,Outside the zone,1918860.0
2023-03-13,Entering the zone,235986.0
2023-03-20,Boundary (60th St),196695.0
2023-03-20,Inside the zone,560061.0
2023-03-20,Outside the zone,1751555.0
2023-03-20,Entering the zone,222008.0
2023-03-20,Exiting the zone,263844.0
2023-03-27,Outside the zone,1795930.0
2023-03-27,Boundary (60th St),207522.0
2023-03-27,Exiting the zone,269239.0
2023-03-27,Inside the zone,572877.0
2023-03-27,Entering the zone,226191.0
2023-04-03,Entering the zone,221512.0
2023-04-03,Outside the zone,1755379.0
2023-04-03,Boundary (60th St),207477.0
2023-04-03,Inside the zone,533048.0
2023-04-03,Exiting the zone,260851.0
2023-04-10,Inside the zone,559746.0
2023-04-10,Outside the zone,1746581.0
2023-04-10,Boundary (60th St),214863.0
2023-04-10,Entering the zone,232868.0
2023-04-10,Exiting the zone,278675.0
2023-04-17,Inside the zone,563131.0
2023-04-17,Exiting the zone,275399.0
2023-04-17,Outside the zone,1822141.0
2023-04-17,Boundary (60th St),222269.0
2023-04-17,Entering the zone,236413.0
2023-04-24,Exiting the zone,292190.0
2023-04-24,Entering the zone,239771.0
2023-04-24,Inside the zone,653108.0
2023-04-24,Outside the zone,1867437.0
2023-04-24,Boundary (60th St),245744.0
2023-05-01,Exiting the zone,285246.0
2023-05-01,Inside the zone,578810.0
2023-05-01,Boundary (60th St),227989.0
2023-05-01,Outside the zone,1843100.0
2023-05-01,Entering the zone,233211.0
2023-05-08,Entering the zone,234375.0
2023-05-08,Exiting the zone,282139.0
2023-05-08,Outside the zone,1850273.0
2023-05-08,Boundary (60th St),220838.0
2023-05-08,Inside the zone,541573.0
2023-05-15,Exiting the zone,308062.0
2023-05-15,Entering the zone,248005.0
2023-05-15,Inside the zone,598666.0
2023-05-15,Boundary (60th St),236715.0
2023-05-15,Outside the zone,1878602.0
2023-05-22,Exiting the zone,267781.0
2023-05-22,Entering the zone,216251.0
2023-05-22,Inside the zone,497036.0
2023-05-22,Boundary (60th St),199924.0
2023-05-22,Outside the zone,1810018.0
2023-05-29,Entering the zone,222412.0
2023-05-29,Outside the zone,1823735.0
2023-05-29,Boundary (60th St),205081.0
2023-05-29,Inside the zone,501720.0
2023-05-29,Exiting the zone,258912.0
2023-06-05,Entering the zone,229078.0
2023-06-05,Exiting the zone,278906.0
2023-06-05,Outside the zone,1769425.0
2023-06-05,Boundary (60th St),221854.0
2023-06-05,Inside the zone,577120.0
2023-06-12,Inside the zone,559013.0
2023-06-12,Exiting the zone,278931.0
2023-06-12,Outside the zone,1847030.0
2023-06-12,Boundary (60th St),211472.0
2023-06-12,Entering the zone,223808.0
2023-06-19,Exiting the zone,272069.0
2023-06-19,Inside the zone,545532.0
2023-06-19,Outside the zone,1827263.0
2023-06-19,Boundary (60th St),201619.0
2023-06-19,Entering the zone,233934.0
2023-06-26,Exiting the zone,254340.0
2023-06-26,Entering the zone,210078.0
2023-06-26,Inside the zone,505726.0
2023-06-26,Outside the zone,1766080.0
2023-06-26,Boundary (60th St),182877.0
2023-07-03,Entering the zone,196657.0
2023-07-03,Exiting the zone,214587.0
2023-07-03,Outside the zone,1716860.0
2023-07-03,Boundary (60th St),160061.0
2023-07-03,Inside the zone,465721.0
2023-07-10,Boundary (60th St),204065.0
2023-07-10,Outside the zone,1778027.0
2023-07-10,Inside the zone,579433.0
2023-07-10,Entering the zone,227523.0
2023-07-10,Exiting the zone,262940.0
2023-07-17,Inside the zone,572232.0
2023-07-17,Exiting the zone,278878.0
2023-07-17,Outside the zone,1796644.0
2023-07-17,Boundary (60th St),201448.0
2023-07-17,Entering the zone,235721.0
2023-07-24,Entering the zone,231666.0
2023-07-24,Exiting the zone,273619.0
2023-07-24,Outside the zone,1801425.0
2023-07-24,Boundary (60th St),197114.0
2023-07-24,Inside the zone,575508.0
2023-07-31,Boundary (60th St),176628.0
2023-07-31,Outside the zone,1738864.0
2023-07-31,Inside the zone,490007.0
2023-07-31,Entering the zone,211774.0
2023-07-31,Exiting the zone,255035.0
2023-08-07,Outside the zone,1752630.0
2023-08-07,Boundary (60th St),177292.0
2023-08-07,Exiting the zone,247817.0
2023-08-07,Inside the zone,489079.0
2023-08-07,Entering the zone,211101.0
2023-08-14,Boundary (60th St),173040.0
2023-08-14,Outside the zone,1747876.0
2023-08-14,Inside the zone,463643.0
2023-08-14,Entering the zone,213869.0
2023-08-14,Exiting the zone,248442.0
2023-08-21,Entering the zone,210195.0
2023-08-21,Outside the zone,1748279.0
2023-08-21,Boundary (60th St),173786.0
2023-08-21,Inside the zone,474990.0
2023-08-21,Exiting the zone,242369.0
2023-08-28,Outside the zone,1796315.0
2023-08-28,Boundary (60th St),169970.0
2023-08-28,Exiting the zone,247436.0
2023-08-28,Inside the zone,466648.0
2023-08-28,Entering the zone,214776.0
2023-09-04,Entering the zone,255972.0
2023-09-04,Inside the zone,635451.0
2023-09-04,Outside the zone,1885430.0
2023-09-04,Boundary (60th St),214003.0
2023-09-04,Exiting the zone,295255.0
2023-09-11,Entering the zone,235717.0
2023-09-11,Inside the zone,562849.0
2023-09-11,Outside the zone,1859586.0
2023-09-11,Boundary (60th St),209334.0
2023-09-11,Exiting the zone,289137.0
2023-09-18,Exiting the zone,283930.0
2023-09-18,Entering the zone,230351.0
2023-09-18,Inside the zone,576364.0
2023-09-18,Outside the zone,1842524.0
2023-09-18,Boundary (60th St),210053.0
2023-09-25,Exiting the zone,285204.0
2023-09-25,Entering the zone,235572.0
2023-09-25,Inside the zone,582128.0
2023-09-25,Outside the zone,1886842.0
2023-09-25,Boundary (60th St),220660.0
2023-10-02,Exiting the zone,280470.0
2023-10-02,Outside the zone,1807855.0
2023-10-02,Inside the zone,551758.0
2023-10-02,Boundary (60th St),205436.0
2023-10-02,Entering the zone,225583.0
2023-10-09,Inside the zone,560282.0
2023-10-09,Exiting the zone,285668.0
2023-10-09,Boundary (60th St),214653.0
2023-10-09,Outside the zone,1811139.0
2023-10-09,Entering the zone,234296.0
2023-10-16,Entering the zone,235071.0
2023-10-16,Outside the zone,1838885.0
2023-10-16,Boundary (60th St),219489.0
2023-10-16,Inside the zone,576852.0
2023-10-16,Exiting the zone,290807.0
2023-10-23,Entering the zone,245353.0
2023-10-23,Outside the zone,1851292.0
2023-10-23,Boundary (60th St),216748.0
2023-10-23,Inside the zone,587918.0
2023-10-23,Exiting the zone,291978.0
2023-10-30,Entering the zone,223523.0
2023-10-30,Outside the zone,1840358.0
2023-10-30,Boundary (60th St),216127.0
2023-10-30,Inside the zone,568256.0
2023-10-30,Exiting the zone,270016.0
2023-11-06,Exiting the zone,298642.0
2023-11-06,Inside the zone,589497.0
2023-11-06,Boundary (60th St),222340.0
2023-11-06,Outside the zone,1828300.0
2023-11-06,Entering the zone,239530.0
2023-11-13,Exiting the zone,307936.0
2023-11-13,Entering the zone,241731.0
2023-11-13,Inside the zone,574294.0
2023-11-13,Outside the zone,1905470.0
2023-11-13,Boundary (60th St),224365.0
2023-11-20,Exiting the zone,206565.0
2023-11-20,Outside the zone,1785136.0
2023-11-20,Boundary (60th St),172148.0
2023-11-20,Inside the zone,406531.0
2023-11-20,Entering the zone,177897.0
2023-11-27,Exiting the zone,282512.0
2023-11-27,Entering the zone,239067.0
2023-11-27,Inside the zone,604265.0
2023-11-27,Outside the zone,1916611.0
2023-11-27,Boundary (60th St),230751.0
2023-12-04,Exiting the zone,323222.0
2023-12-04,Boundary (60th St),238577.0
2023-12-04,Inside the zone,640230.0
2023-12-04,Outside the zone,1935294.0
2023-12-04,Entering the zone,243270.0
2023-12-11,Inside the zone,615652.0
2023-12-11,Exiting the zone,322660.0
2023-12-11,Outside the zone,1951950.0
2023-12-11,Boundary (60th St),231828.0
2023-12-11,Entering the zone,238241.0
2023-12-18,Entering the zone,174337.0
2023-12-18,Exiting the zone,238945.0
2023-12-18,Outside the zone,1881879.0
2023-12-18,Boundary (60th St),189580.0
2023-12-18,Inside the zone,443604.0
2023-12-25,Exiting the zone,164177.0
2023-12-25,Inside the zone,345097.0
2023-12-25,Boundary (60th St),128793.0
2023-12-25,Outside the zone,1610160.0
2023-12-25,Entering the zone,149415.0
2024-01-01,Entering the zone,190212.0
2024-01-01,Exiting the zone,218947.0
2024-01-01,Boundary (60th St),177553.0
2024-01-01,Outside the zone,1764400.0
2024-01-01,Inside the zone,452029.0
2024-01-08,Exiting the zone,248584.0
2024-01-08,Inside the zone,552576.0
2024-01-08,Boundary (60th St),210907.0
2024-01-08,Outside the zone,1878073.0
2024-01-08,Entering the zone,217629.0
2024-01-15,Entering the zone,238482.0
2024-01-15,Outside the zone,2016394.0
2024-01-15,Boundary (60th St),235724.0
2024-01-15,Inside the zone,638978.0
2024-01-15,Exiting the zone,280041.0
2024-01-22,Exiting the zone,283610.0
2024-01-22,Outside the zone,1955620.0
2024-01-22,Boundary (60th St),233309.0
2024-01-22,Inside the zone,600175.0
2024-01-22,Entering the zone,238784.0
2024-01-29,Entering the zone,228701.0
2024-01-29,Exiting the zone,275543.0
2024-01-29,Outside the zone,1969833.0
2024-01-29,Boundary (60th St),220641.0
2024-01-29,Inside the zone,574606.0
2024-02-05,Exiting the zone,288303.0
2024-02-05,Outside the zone,1991738.0
2024-02-05,Inside the zone,588183.0
2024-02-05,Boundary (60th St),218064.0
2024-02-05,Entering the zone,240811.0
2024-02-12,Entering the zone,234806.0
2024-02-12,Inside the zone,584538.0
2024-02-12,Outside the zone,2083362.0
2024-02-12,Boundary (60th St),216751.0
2024-02-12,Exiting the zone,286179.0
2024-02-19,Inside the zone,557217.0
2024-02-19,Exiting the zone,280858.0
2024-02-19,Outside the zone,1987661.0
2024-02-19,Boundary (60th St),206975.0
2024-02-19,Entering the zone,232467.0
2024-02-26,Entering the zone,229342.0
2024-02-26,Exiting the zone,277631.0
2024-02-26,Boundary (60th St),222039.0
2024-02-26,Outside the zone,2108109.0
2024-02-26,Inside the zone,561467.0
2024-03-04,Boundary (60th St),220984.0
2024-03-04,Outside the zone,2077790.0
2024-03-04,Exiting the zone,273835.0
2024-03-04,Inside the zone,576192.0
2024-03-04,Entering the zone,216850.0
2024-03-11,Entering the zone,223457.0
2024-03-11,Inside the zone,518018.0
2024-03-11,Outside the zone,2074104.0
2024-03-11,Boundary (60th St),201047.0
2024-03-11,Exiting the zone,279000.0
2024-03-18,Inside the zone,572028.0
2024-03-18,Exiting the zone,288242.0
2024-03-18,Outside the zone,2133283.0
2024-03-18,Boundary (60th St),206711.0
2024-03-18,Entering the zone,237061.0
2024-03-25,Entering the zone,227103.0
2024-03-25,Exiting the zone,276630.0
2024-03-25,Boundary (60th St),195633.0
2024-03-25,Outside the zone,2115593.0
2024-03-25,Inside the zone,519109.0
2024-04-01,Entering the zone,228111.0
2024-04-01,Outside the zone,2139385.0
2024-04-01,Boundary (60th St),221833.0
2024-04-01,Inside the zone,579766.0
2024-04-01,Exiting the zone,277286.0
2024-04-08,Entering the zone,223862.0
2024-04-08,Inside the zone,523398.0
2024-04-08,Outside the zone,2073961.0
2024-04-08,Boundary (60th St),212491.0
2024-04-08,Exiting the zone,275923.0
2024-04-15,Entering the zone,236599.0
2024-04-15,Boundary (60th St),218440.0
2024-04-15,Outside the zone,2083198.0
2024-04-15,Inside the zone,542040.0
2024-04-15,Exiting the zone,294828.0
2024-04-22,Entering the zone,229651.0
2024-04-22,Outside the zone,1907435.0
2024-04-22,Boundary (60th St),211818.0
2024-04-22,Inside the zone,535705.0
2024-04-22,Exiting the zone,276417.0
2024-04-29,Exiting the zone,301762.0
2024-04-29,Entering the zone,244543.0
2024-04-29,Inside the zone,589391.0
2024-04-29,Outside the zone,2079973.0
2024-04-29,Boundary (60th St),227878.0
2024-05-06,Entering the zone,239748.0
2024-05-06,Boundary (60th St),231621.0
2024-05-06,Outside the zone,2112354.0
2024-05-06,Inside the zone,564816.0
2024-05-06,Exiting the zone,302342.0
2024-05-13,Outside the zone,2092420.0
2024-05-13,Boundary (60th St),232806.0
2024-05-13,Exiting the zone,315083.0
2024-05-13,Inside the zone,589316.0
2024-05-13,Entering the zone,245749.0
2024-05-20,Exiting the zone,278924.0
2024-05-20,Entering the zone,215256.0
2024-05-20,Inside the zone,484653.0
2024-05-20,Outside the zone,2040704.0
2024-05-20,Boundary (60th St),194319.0
2024-05-27,Entering the zone,221746.0
2024-05-27,Inside the zone,484274.0
2024-05-27,Boundary (60th St),196829.0
2024-05-27,Outside the zone,2012117.0
2024-05-27,Exiting the zone,270157.0
2024-06-03,Exiting the zone,295478.0
2024-06-03,Entering the zone,233868.0
2024-06-03,Inside the zone,549934.0
2024-06-03,Outside the zone,2093812.0
2024-06-03,Boundary (60th St),211063.0
2024-06-10,Exiting the zone,304353.0
2024-06-10,Boundary (60th St),208378.0
2024-06-10,Outside the zone,2105080.0
2024-06-10,Inside the zone,531827.0
2024-06-10,Entering the zone,239708.0
2024-06-17,Exiting the zone,281559.0
2024-06-17,Entering the zone,235670.0
2024-06-17,Inside the zone,543893.0
2024-06-17,Outside the zone,2144016.0
2024-06-17,Boundary (60th St),209219.0
2024-06-24,Exiting the zone,291012.0
2024-06-24,Entering the zone,231856.0
2024-06-24,Inside the zone,512082.0
2024-06-24,Outside the zone,2087344.0
2024-06-24,Boundary (60th St),188790.0
2024-07-01,Entering the zone,189141.0
2024-07-01,Inside the zone,395370.0
2024-07-01,Outside the zone,1894532.0
2024-07-01,Boundary (60th St),147983.0
2024-07-01,Exiting the zone,221896.0
2024-07-08,Inside the zone,550903.0
2024-07-08,Exiting the zone,271092.0
2024-07-08,Outside the zone,1981323.0
2024-07-08,Boundary (60th St),193219.0
2024-07-08,Entering the zone,227760.0
2024-07-15,Exiting the zone,290897.0
2024-07-15,Entering the zone,236657.0
2024-07-15,Inside the zone,548235.0
2024-07-15,Boundary (60th St),195830.0
2024-07-15,Outside the zone,2048566.0
2024-07-22,Entering the zone,225902.0
2024-07-22,Inside the zone,524805.0
2024-07-22,Boundary (60th St),186801.0
2024-07-22,Outside the zone,1924630.0
2024-07-22,Exiting the zone,272559.0
2024-07-29,Entering the zone,221100.0
2024-07-29,Exiting the zone,269852.0
2024-07-29,Outside the zone,1960837.0
2024-07-29,Boundary (60th St),188933.0
2024-07-29,Inside the zone,547071.0
2024-08-05,Inside the zone,527782.0
2024-08-05,Outside the zone,1964814.0
2024-08-05,Boundary (60th St),184718.0
2024-08-05,Entering the zone,215953.0
2024-08-05,Exiting the zone,267971.0
2024-08-12,Entering the zone,198430.0
2024-08-12,Outside the zone,1876797.0
2024-08-12,Boundary (60th St),162729.0
2024-08-12,Inside the zone,447440.0
2024-08-12,Exiting the zone,240459.0
2024-08-19,Entering the zone,203877.0
2024-08-19,Inside the zone,431704.0
2024-08-19,Outside the zone,1862702.0
2024-08-19,Boundary (60th St),155767.0
2024-08-19,Exiting the zone,238047.0
2024-08-26,Exiting the zone,251536.0
2024-08-26,Entering the zone,211158.0
2024-08-26,Inside the zone,447587.0
2024-08-26,Outside the zone,1972332.0
2024-08-26,Boundary (60th St),161273.0
2024-09-02,Exiting the zone,295350.0
2024-09-02,Entering the zone,241693.0
2024-09-02,Inside the zone,549447.0
2024-09-02,Outside the zone,1984457.0
2024-09-02,Boundary (60th St),193157.0
2024-09-09,Boundary (60th St),196458.0
2024-09-09,Outside the zone,2009430.0
2024-09-09,Exiting the zone,302336.0
2024-09-09,Inside the zone,515261.0
2024-09-09,Entering the zone,235815.0
2024-09-16,Entering the zone,239153.0
2024-09-16,Inside the zone,519497.0
2024-09-16,Outside the zone,2003540.0
2024-09-16,Boundary (60th St),202724.0
2024-09-16,Exiting the zone,298533.0
2024-09-23,Exiting the zone,302971.0
2024-09-23,Entering the zone,235827.0
2024-09-23,Inside the zone,520679.0
2024-09-23,Outside the zone,2061515.0
2024-09-23,Boundary (60th St),206029.0
2024-09-30,Entering the zone,221893.0
2024-09-30,Exiting the zone,276591.0
2024-09-30,Outside the zone,1929183.0
2024-09-30,Boundary (60th St),200274.0
2024-09-30,Inside the zone,491605.0
2024-10-07,Outside the zone,2024877.0
2024-10-07,Boundary (60th St),202532.0
2024-10-07,Exiting the zone,295406.0
2024-10-07,Inside the zone,514032.0
2024-10-07,Entering the zone,228587.0
2024-10-14,Exiting the zone,299690.0
2024-10-14,Entering the zone,231738.0
2024-10-14,Inside the zone,519698.0
2024-10-14,Outside the zone,2011398.0
2024-10-14,Boundary (60th St),200829.0
2024-10-21,Boundary (60th St),207288.0
2024-10-21,Outside the zone,2071276.0
2024-10-21,Inside the zone,533014.0
2024-10-21,Entering the zone,240315.0
2024-10-21,Exiting the zone,301912.0
2024-10-28,Boundary (60th St),217218.0
2024-10-28,Outside the zone,2175573.0
2024-10-28,Inside the zone,544643.0
2024-10-28,Entering the zone,242894.0
2024-10-28,Exiting the zone,304552.0
2024-11-04,Entering the zone,229945.0
2024-11-04,Exiting the zone,293067.0
2024-11-04,Boundary (60th St),213255.0
2024-11-04,Outside the zone,2025368.0
2024-11-04,Inside the zone,529417.0
2024-11-11,Exiting the zone,317367.0
2024-11-11,Entering the zone,243726.0
2024-11-11,Inside the zone,538190.0
2024-11-11,Outside the zone,2053906.0
2024-11-11,Boundary (60th St),213781.0
2024-11-18,Entering the zone,238295.0
2024-11-18,Exiting the zone,311301.0
2024-11-18,Outside the zone,2163893.0
2024-11-18,Boundary (60th St),223002.0
2024-11-18,Inside the zone,550557.0
2024-11-25,Exiting the zone,235520.0
2024-11-25,Entering the zone,196558.0
2024-11-25,Inside the zone,400896.0
2024-11-25,Boundary (60th St),178769.0
2024-11-25,Outside the zone,2097875.0
2024-12-02,Entering the zone,261076.0
2024-12-02,Inside the zone,609817.0
2024-12-02,Boundary (60th St),240028.0
2024-12-02,Outside the zone,2218197.0
2024-12-02,Exiting the zone,322480.0
2024-12-09,Boundary (60th St),245706.0
2024-12-09,Outside the zone,2336278.0
2024-12-09,Inside the zone,636170.0
2024-12-09,Entering the zone,267051.0
2024-12-09,Exiting the zone,351368.0
2024-12-16,Outside the zone,2321384.0
2024-12-16,Boundary (60th St),222296.0
2024-12-16,Exiting the zone,320225.0
2024-12-16,Inside the zone,503641.0
2024-12-16,Entering the zone,218223.0
2024-12-23,Exiting the zone,187087.0
2024-12-23,Entering the zone,158974.0
2024-12-23,Inside the zone,313809.0
2024-12-23,Outside the zone,1982976.0
2024-12-23,Boundary (60th St),138700.0
2024-12-30,Entering the zone,195988.0
2024-12-30,Exiting the zone,220632.0
2024-12-30,Boundary (60th St),166471.0
2024-12-30,Outside the zone,2123630.0
2024-12-30,Inside the zone,410098.0
2025-01-06,Entering the zone,209986.0
2025-01-06,Exiting the zone,241720.0
2025-01-06,Boundary (60th St),208350.0
2025-01-06,Outside the zone,2116587.0
2025-01-06,Inside the zone,501188.0
2025-01-13,Entering the zone,220948.0
2025-01-13,Outside the zone,2166575.0
2025-01-13,Boundary (60th St),203843.0
2025-01-13,Inside the zone,531287.0
2025-01-13,Exiting the zone,279760.0
2025-01-20,Boundary (60th St),220789.0
2025-01-20,Outside the zone,2188455.0
2025-01-20,Exiting the zone,275913.0
2025-01-20,Inside the zone,545855.0
2025-01-20,Entering the zone,230463.0
2025-01-27,Inside the zone,526951.0
2025-01-27,Exiting the zone,276645.0
2025-01-27,Outside the zone,2163942.0
2025-01-27,Boundary (60th St),213672.0
2025-01-27,Entering the zone,224450.0
2025-02-03,Entering the zone,229295.0
2025-02-03,Inside the zone,573845.0
2025-02-03,Boundary (60th St),217015.0
2025-02-03,Outside the zone,2134021.0
2025-02-03,Exiting the zone,283693.0
2025-02-10,Entering the zone,231380.0
2025-02-10,Exiting the zone,294895.0
2025-02-10,Outside the zone,2278172.0
2025-02-10,Boundary (60th St),209792.0
2025-02-10,Inside the zone,553848.0
2025-02-17,Entering the zone,223710.0
2025-02-17,Exiting the zone,278237.0
2025-02-17,Boundary (60th St),208236.0
2025-02-17,Outside the zone,2174756.0
2025-02-17,Inside the zone,543509.0
2025-02-24,Inside the zone,468050.0
2025-02-24,Exiting the zone,270297.0
2025-02-24,Boundary (60th St),192069.0
2025-02-24,Outside the zone,2168285.0
2025-02-24,Entering the zone,213573.0
2025-03-03,Entering the zone,202640.0
2025-03-03,Exiting the zone,263669.0
2025-03-03,Boundary (60th St),196906.0
2025-03-03,Outside the zone,2117896.0
2025-03-03,Inside the zone,486091.0
2025-03-10,Inside the zone,466376.0
2025-03-10,Outside the zone,2069070.0
2025-03-10,Boundary (60th St),187355.0
2025-03-10,Entering the zone,204407.0
2025-03-10,Exiting the zone,264885.0
2025-03-17,Exiting the zone,260253.0
2025-03-17,Boundary (60th St),169646.0
2025-03-17,Inside the zone,475753.0
2025-03-17,Outside the zone,2022671.0
2025-03-17,Entering the zone,197796.0
2025-03-24,Boundary (60th St),165207.0
2025-03-24,Inside the zone,439222.0
2025-03-24,Outside the zone,1852716.0
2025-03-24,Entering the zone,181692.0
2025-03-24,Exiting the zone,239401.0
2025-03-31,Entering the zone,212180.0
2025-03-31,Exiting the zone,265505.0
2025-03-31,Boundary (60th St),198625.0
2025-03-31,Outside the zone,2065681.0
2025-03-31,Inside the zone,509490.0
2025-04-07,Inside the zone,519729.0
2025-04-07,Exiting the zone,264768.0
2025-04-07,Boundary (60th St),204039.0
2025-04-07,Outside the zone,2099508.0
2025-04-07,Entering the zone,205666.0
2025-04-14,Inside the zone,443793.0
2025-04-14,Exiting the zone,248971.0
2025-04-14,Outside the zone,1932453.0
2025-04-14,Boundary (60th St),179119.0
2025-04-14,Entering the zone,197911.0
2025-04-21,Entering the zone,215111.0
2025-04-21,Inside the zone,475627.0
2025-04-21,Outside the zone,2083942.0
2025-04-21,Boundary (60th St),201525.0
2025-04-21,Exiting the zone,270617.0
2025-04-28,Entering the zone,214028.0
2025-04-28,Inside the zone,462450.0
2025-04-28,Outside the zone,2118692.0
2025-04-28,Boundary (60th St),196150.0
2025-04-28,Exiting the zone,273664.0
2025-05-05,Entering the zone,212822.0
2025-05-05,Outside the zone,2148657.0
2025-05-05,Boundary (60th St),207615.0
2025-05-05,Inside the zone,483793.0
2025-05-05,Exiting the zone,278084.0
2025-05-12,Entering the zone,218772.0
2025-05-12,Boundary (60th St),200177.0
2025-05-12,Outside the zone,2125317.0
2025-05-12,Inside the zone,470211.0
2025-05-12,Exiting the zone,293225.0
2025-05-19,Outside the zone,2033574.0
2025-05-19,Boundary (60th St),172906.0
2025-05-19,Exiting the zone,257509.0
2025-05-19,Inside the zone,419762.0
2025-05-19,Entering the zone,187556.0
2025-05-26,Exiting the zone,249903.0
2025-05-26,Entering the zone,195164.0
2025-05-26,Inside the zone,431409.0
2025-05-26,Outside the zone,2007170.0
2025-05-26,Boundary (60th St),179726.0
2025-06-02,Entering the zone,214501.0
2025-06-02,Inside the zone,451035.0
2025-06-02,Outside the zone,2064126.0
2025-06-02,Boundary (60th St),184055.0
2025-06-02,Exiting the zone,276492.0
2025-06-09,Inside the zone,455660.0
2025-06-09,Outside the zone,2058994.0
2025-06-09,Boundary (60th St),185899.0
2025-06-09,Entering the zone,204613.0
2025-06-09,Exiting the zone,271228.0
2025-06-16,Entering the zone,199578.0
2025-06-16,Outside the zone,2086280.0
2025-06-16,Boundary (60th St),169588.0
2025-06-16,Inside the zone,425843.0
2025-06-16,Exiting the zone,256191.0
2025-06-23,Entering the zone,200586.0
2025-06-23,Outside the zone,2057173.0
2025-06-23,Boundary (60th St),170994.0
2025-06-23,Inside the zone,467815.0
2025-06-23,Exiting the zone,260541.0
2025-06-30,Outside the zone,1917074.0
2025-06-30,Boundary (60th St),129893.0
2025-06-30,Exiting the zone,199270.0
2025-06-30,Inside the zone,346850.0
2025-06-30,Entering the zone,157454.0
2025-07-07,Inside the zone,447834.0
2025-07-07,Exiting the zone,240081.0
2025-07-07,Outside the zone,1993851.0
2025-07-07,Boundary (60th St),166700.0
2025-07-07,Entering the zone,198441.0
2025-07-14,Entering the zone,207221.0
2025-07-14,Inside the zone,487327.0
2025-07-14,Boundary (60th St),174170.0
2025-07-14,Outside the zone,2052354.0
2025-07-14,Exiting the zone,262619.0
2025-07-21,Outside the zone,1991136.0
2025-07-21,Boundary (60th St),162734.0
2025-07-21,Inside the zone,449748.0
2025-07-21,Entering the zone,200800.0
2025-07-21,Exiting the zone,255791.0
2025-07-28,Exiting the zone,260075.0
2025-07-28,Inside the zone,462900.0
2025-07-28,Outside the zone,2043905.0
2025-07-28,Boundary (60th St),172100.0
2025-07-28,Entering the zone,201858.0
2025-08-04,Inside the zone,416967.0
2025-08-04,Exiting the zone,245578.0
2025-08-04,Outside the zone,1924474.0
2025-08-04,Boundary (60th St),155588.0
2025-08-04,Entering the zone,187551.0
2025-08-11,Inside the zone,417353.0
2025-08-11,Exiting the zone,244965.0
2025-08-11,Outside the zone,1947762.0
2025-08-11,Boundary (60th St),157822.0
2025-08-11,Entering the zone,190239.0
2025-08-18,Boundary (60th St),156227.0
2025-08-18,Outside the zone,1858187.0
2025-08-18,Exiting the zone,241436.0
2025-08-18,Inside the zone,413134.0
2025-08-18,Entering the zone,195224.0
2025-08-25,Entering the zone,185059.0
2025-08-25,Outside the zone,1835359.0
2025-08-25,Boundary (60th St),144804.0
2025-08-25,Inside the zone,384539.0
2025-08-25,Exiting the zone,233089.0
2025-09-01,Exiting the zone,264419.0
2025-09-01,Entering the zone,208080.0
2025-09-01,Inside the zone,481738.0
2025-09-01,Boundary (60th St),181064.0
2025-09-01,Outside the zone,1891222.0
2025-09-08,Exiting the zone,305865.0
2025-09-08,Inside the zone,531080.0
2025-09-08,Outside the zone,1978865.0
2025-09-08,Boundary (60th St),194000.0
2025-09-08,Entering the zone,233423.0
2025-09-15,Entering the zone,222985.0
2025-09-15,Exiting the zone,297690.0
2025-09-15,Boundary (60th St),196373.0
2025-09-15,Outside the zone,1980725.0
2025-09-15,Inside the zone,498642.0
2025-09-22,Boundary (60th St),189565.0
2025-09-22,Outside the zone,1899458.0
2025-09-22,Exiting the zone,278446.0
2025-09-22,Inside the zone,477810.0
2025-09-22,Entering the zone,215286.0
2025-09-29,Entering the zone,207817.0
2025-09-29,Boundary (60th St),189779.0
2025-09-29,Outside the zone,2000921.0
2025-09-29,Inside the zone,451075.0
2025-09-29,Exiting the zone,274241.0
2025-10-06,Entering the zone,226293.0
2025-10-06,Outside the zone,2067545.0
2025-10-06,Boundary (60th St),201464.0
2025-10-06,Inside the zone,521151.0
2025-10-06,Exiting the zone,303119.0
2025-10-13,Entering the zone,225553.0
2025-10-13,Inside the zone,513067.0
2025-10-13,Boundary (60th St),205209.0
2025-10-13,Outside the zone,2102902.0
2025-10-13,Exiting the zone,303046.0
2025-10-20,Entering the zone,223808.0
2025-10-20,Inside the zone,503663.0
2025-10-20,Boundary (60th St),206674.0
2025-10-20,Outside the zone,2124290.0
2025-10-20,Exiting the zone,302105.0
2025-10-27,Boundary (60th St),213193.0
2025-10-27,Outside the zone,2202754.0
2025-10-27,Exiting the zone,306603.0
2025-10-27,Inside the zone,557311.0
2025-10-27,Entering the zone,233555.0
2025-11-03,Entering the zone,214053.0
2025-11-03,Inside the zone,510284.0
2025-11-03,Outside the zone,2012930.0
2025-11-03,Boundary (60th St),204948.0
2025-11-03,Exiting the zone,296171.0
2025-11-10,Outside the zone,2114682.0
2025-11-10,Boundary (60th St),215960.0
2025-11-10,Exiting the zone,300353.0
2025-11-10,Inside the zone,534149.0
2025-11-10,Entering the zone,223297.0
2025-11-17,Outside the zone,2234152.0
2025-11-17,Boundary (60th St),213202.0
2025-11-17,Exiting the zone,303835.0
2025-11-17,Inside the zone,513073.0
2025-11-17,Entering the zone,216336.0
2025-11-24,Inside the zone,359998.0
2025-11-24,Exiting the zone,209038.0
2025-11-24,Outside the zone,2123150.0
2025-11-24,Boundary (60th St),164625.0
2025-11-24,Entering the zone,163352.0
2025-12-01,Entering the zone,229385.0
2025-12-01,Inside the zone,573271.0
2025-12-01,Outside the zone,2282991.0
2025-12-01,Boundary (60th St),228975.0
2025-12-01,Exiting the zone,304333.0
2025-12-08,Entering the zone,246873.0
2025-12-08,Boundary (60th St),247565.0
2025-12-08,Outside the zone,2451283.0
2025-12-08,Inside the zone,623598.0
2025-12-08,Exiting the zone,350765.0
2025-12-15,Entering the zone,203531.0
2025-12-15,Exiting the zone,318078.0
2025-12-15,Outside the zone,2442815.0
2025-12-15,Boundary (60th St),215333.0
2025-12-15,Inside the zone,474482.0
2025-12-22,Entering the zone,131575.0
2025-12-22,Inside the zone,280035.0
2025-12-22,Outside the zone,2044109.0
2025-12-22,Boundary (60th St),131203.0
2025-12-22,Exiting the zone,169942.0
2025-12-29,Outside the zone,2185676.0
2025-12-29,Boundary (60th St),148981.0
2025-12-29,Exiting the zone,198410.0
2025-12-29,Inside the zone,368195.0
2025-12-29,Entering the zone,166997.0
2026-01-05,Exiting the zone,227739.0
2026-01-05,Entering the zone,193799.0
2026-01-05,Inside the zone,448972.0
2026-01-05,Outside the zone,2126779.0
2026-01-05,Boundary (60th St),188691.0
2026-01-12,Exiting the zone,268058.0
2026-01-12,Outside the zone,2215642.0
2026-01-12,Boundary (60th St),196701.0
2026-01-12,Inside the zone,513236.0
2026-01-12,Entering the zone,201989.0
2026-01-19,Inside the zone,484969.0
2026-01-19,Exiting the zone,244556.0
2026-01-19,Boundary (60th St),194446.0
2026-01-19,Outside the zone,2085015.0
2026-01-19,Entering the zone,189429.0
2026-01-26,Boundary (60th St),190589.0
2026-01-26,Outside the zone,2477330.0
2026-01-26,Exiting the zone,233958.0
2026-01-26,Inside the zone,451275.0
2026-01-26,Entering the zone,181013.0
2026-02-02,Inside the zone,509388.0
2026-02-02,Exiting the zone,261190.0
2026-02-02,Outside the zone,2432112.0
2026-02-02,Boundary (60th St),205422.0
2026-02-02,Entering the zone,202453.0
2026-02-09,Inside the zone,528811.0
2026-02-09,Exiting the zone,292518.0
2026-02-09,Outside the zone,2333984.0
2026-02-09,Boundary (60th St),202871.0
2026-02-09,Entering the zone,226532.0
2026-02-16,Entering the zone,204908.0
2026-02-16,Outside the zone,2043672.0
2026-02-16,Boundary (60th St),194073.0
2026-02-16,Inside the zone,480073.0
2026-02-16,Exiting the zone,262613.0
2026-02-23,Inside the zone,380356.0
2026-02-23,Exiting the zone,226645.0
2026-02-23,Outside the zone,2198466.0
2026-02-23,Boundary (60th St),172328.0
2026-02-23,Entering the zone,177594.0
2026-03-02,Exiting the zone,270466.0
2026-03-02,Boundary (60th St),206332.0
2026-03-02,Outside the zone,2302195.0
2026-03-02,Inside the zone,490826.0
2026-03-02,Entering the zone,208425.0
2026-03-09,Exiting the zone,277745.0
2026-03-09,Entering the zone,206301.0
2026-03-09,Inside the zone,472334.0
2026-03-09,Outside the zone,2272859.0
2026-03-09,Boundary (60th St),196351.0
2026-03-16,Boundary (60th St),200089.0
2026-03-16,Outside the zone,2333703.0
2026-03-16,Exiting the zone,270022.0
2026-03-16,Inside the zone,467721.0
2026-03-16,Entering the zone,208061.0
2026-03-23,Entering the zone,205309.0
2026-03-23,Exiting the zone,278931.0
2026-03-23,Outside the zone,2339603.0
2026-03-23,Boundary (60th St),192039.0
2026-03-23,Inside the zone,507910.0
2026-03-30,Inside the zone,465087.0
2026-03-30,Exiting the zone,259782.0
2026-03-30,Boundary (60th St),189974.0
2026-03-30,Outside the zone,2255945.0
2026-03-30,Entering the zone,200753.0
2026-04-06,Entering the zone,220337.0
2026-04-06,Inside the zone,504726.0
2026-04-06,Boundary (60th St),207725.0
2026-04-06,Outside the zone,2179475.0
2026-04-06,Exiting the zone,279905.0
2026-04-13,Inside the zone,492181.0
2026-04-13,Exiting the zone,285303.0
2026-04-13,Outside the zone,2224902.0
2026-04-13,Boundary (60th St),208582.0
2026-04-13,Entering the zone,221343.0
2026-04-20,Inside the zone,530924.0
2026-04-20,Exiting the zone,292240.0
2026-04-20,Boundary (60th St),223271.0
2026-04-20,Outside the zone,2243940.0
2026-04-20,Entering the zone,225325.0
2026-04-27,Entering the zone,216207.0
2026-04-27,Inside the zone,499481.0
2026-04-27,Boundary (60th St),209277.0
2026-04-27,Outside the zone,2164649.0
2026-04-27,Exiting the zone,289028.0
2026-05-04,Entering the zone,221221.0
2026-05-04,Inside the zone,505000.0
2026-05-04,Boundary (60th St),215175.0
2026-05-04,Outside the zone,2237025.0
2026-05-04,Exiting the zone,291440.0
2026-05-11,Boundary (60th St),207391.0
2026-05-11,Outside the zone,2052282.0
2026-05-11,Inside the zone,496447.0
2026-05-11,Entering the zone,220529.0
2026-05-11,Exiting the zone,293685.0
2026-05-18,Inside the zone,463630.0
2026-05-18,Boundary (60th St),191554.0
2026-05-18,Outside the zone,2121023.0
2026-05-18,Entering the zone,201106.0
2026-05-18,Exiting the zone,268953.0
2026-05-25,Boundary (60th St),179151.0
2026-05-25,Outside the zone,2079304.0
2026-05-25,Exiting the zone,248837.0
2026-05-25,Inside the zone,425111.0
2026-05-25,Entering the zone,198079.0
2026-06-01,Exiting the zone,292915.0
2026-06-01,Entering the zone,225675.0
2026-06-01,Inside the zone,496928.0
2026-06-01,Boundary (60th St),202548.0
2026-06-01,Outside the zone,2366418.0
2026-06-08,Inside the zone,486030.0
2026-06-08,Exiting the zone,297158.0
2026-06-08,Outside the zone,2386831.0
2026-06-08,Boundary (60th St),201892.0
2026-06-08,Entering the zone,221398.0
2026-06-15,Entering the zone,204018.0
2026-06-15,Outside the zone,2244487.0
2026-06-15,Boundary (60th St),166431.0
2026-06-15,Inside the zone,418587.0
2026-06-15,Exiting the zone,267344.0
2026-06-22,Inside the zone,454145.0
2026-06-22,Outside the zone,2151814.0
2026-06-22,Boundary (60th St),173998.0
2026-06-22,Entering the zone,206769.0
2026-06-22,Exiting the zone,267715.0
2026-06-29,Exiting the zone,223430.0
2026-06-29,Inside the zone,407094.0
2026-06-29,Outside the zone,2081287.0
2026-06-29,Boundary (60th St),149358.0
2026-06-29,Entering the zone,172543.0
2026-07-06,Exiting the zone,257504.0
2026-07-06,Entering the zone,207836.0
2026-07-06,Inside the zone,473698.0
2026-07-06,Outside the zone,2117731.0
2026-07-06,Boundary (60th St),175832.0
2026-07-13,Inside the zone,564222.0
2026-07-13,Exiting the zone,290422.0
2026-07-13,Boundary (60th St),199775.0
2026-07-13,Outside the zone,2167369.0
2026-07-13,Entering the zone,231849.0
2026-07-20,Exiting the zone,285029.0
2026-07-20,Entering the zone,216144.0
2026-07-20,Inside the zone,503541.0
2026-07-20,Outside the zone,2097457.0
2026-07-20,Boundary (60th St),186761.0
