outcome,spec,group,effect_pct,ci_low,ci_high,p_value
trips,plain,inside,-7.13,-11.23,-2.84,0.0
trips,plain,entering,-6.03,-9.19,-2.75,0.0
trips,plain,exiting,-1.46,-5.29,2.52,0.47
trips,with trends,inside,4.59,-5.68,15.99,0.39
trips,with trends,entering,-2.97,-10.15,4.78,0.44
trips,with trends,exiting,-5.64,-14.39,4.01,0.24
avg_cost,plain,inside,13.89,10.97,16.89,0.0
avg_cost,plain,entering,9.27,7.51,11.06,0.0
avg_cost,plain,exiting,7.38,5.83,8.95,0.0
avg_cost,with trends,inside,0.08,-4.59,4.98,0.97
avg_cost,with trends,entering,4.97,1.18,8.91,0.01
avg_cost,with trends,exiting,1.73,-1.37,4.94,0.28
mph,plain,inside,1.48,-0.48,3.48,0.14
mph,plain,entering,3.68,1.65,5.75,0.0
mph,plain,exiting,3.3,2.27,4.33,0.0
mph,with trends,inside,12.91,9.75,16.16,0.0
mph,with trends,entering,13.76,9.75,17.93,0.0
mph,with trends,exiting,8.18,6.19,10.21,0.0
pay_hr,plain,inside,3.38,1.69,5.09,0.0
pay_hr,plain,entering,4.14,3.11,5.18,0.0
pay_hr,plain,exiting,3.62,3.08,4.17,0.0
pay_hr,with trends,inside,-2.87,-6.4,0.78,0.12
pay_hr,with trends,entering,6.48,4.07,8.94,0.0
pay_hr,with trends,exiting,2.95,1.83,4.08,0.0
