cluster,cluster_name,time_block,trips_2025_K,trips_chg_pct,wait_2025_min,wait_chg_min,margin_per_trip,driver_pay_hr,trips_at_risk_K low (2%/min),margin_$M low (2%/min),trips_at_risk_K mid (5%/min),margin_$M mid (5%/min),trips_at_risk_K high (8%/min),margin_$M high (8%/min)
2,Steady inner boroughs,2 Morning (6-9),11530.38,-1.45,5.07,0.37,5.18,61.24,94.14,0.49,235.36,1.22,376.58,1.95
2,Steady inner boroughs,3 Midday (10-15),17973.06,-1.77,4.61,0.23,4.37,57.71,91.76,0.4,229.4,1.0,367.04,1.6
2,Steady inner boroughs,1 Night (0-5),8428.23,-3.96,5.28,0.43,4.85,67.43,79.67,0.39,199.19,0.97,318.7,1.55
2,Steady inner boroughs,4 Evening (16-19),14974.96,-3.02,4.79,0.27,3.68,57.17,89.54,0.33,223.84,0.82,358.15,1.32
2,Steady inner boroughs,5 Late (20-23),13452.62,-5.93,4.91,0.29,3.39,61.42,85.01,0.29,212.52,0.72,340.03,1.15
0,Growing outer boroughs,2 Morning (6-9),7279.06,4.9,4.86,0.45,3.67,59.25,70.87,0.26,177.18,0.65,283.49,1.04
0,Growing outer boroughs,3 Midday (10-15),10475.16,3.85,4.52,0.28,3.02,57.7,64.62,0.2,161.55,0.49,258.47,0.78
0,Growing outer boroughs,1 Night (0-5),3962.22,1.87,5.49,0.59,3.72,66.57,50.95,0.19,127.39,0.47,203.82,0.76
0,Growing outer boroughs,4 Evening (16-19),7726.53,3.42,4.58,0.39,2.38,56.93,65.64,0.16,164.1,0.39,262.56,0.63
0,Growing outer boroughs,5 Late (20-23),5885.58,1.47,5.16,0.46,2.34,61.4,59.23,0.14,148.08,0.35,236.94,0.55
3,Fast-growing periphery,3 Midday (10-15),1602.1,10.84,5.69,0.8,3.26,63.38,27.83,0.09,69.57,0.23,111.3,0.36
3,Fast-growing periphery,2 Morning (6-9),1011.25,12.24,5.97,0.85,3.97,65.91,18.65,0.07,46.64,0.19,74.62,0.3
3,Fast-growing periphery,4 Evening (16-19),1187.46,10.09,5.9,0.94,2.44,63.37,24.32,0.06,60.79,0.15,97.27,0.24
3,Fast-growing periphery,1 Night (0-5),561.54,8.3,7.31,1.01,4.18,74.84,12.32,0.05,30.8,0.13,49.27,0.21
3,Fast-growing periphery,5 Late (20-23),877.01,9.9,6.8,1.03,2.28,68.82,19.74,0.04,49.35,0.11,78.96,0.18
1,Toll zone,1 Night (0-5),5539.45,-11.27,4.91,0.04,9.56,73.49,4.67,0.04,11.66,0.11,18.66,0.18
1,Toll zone,2 Morning (6-9),6119.72,-5.19,3.99,0.02,11.91,67.36,2.22,0.03,5.54,0.07,8.87,0.11
