month,effect_pct,low,high
2023-01-01,20.822678672527474,5.494035029555455,38.378626597370925
2023-02-01,22.73123867696194,8.27482166030764,39.1178181243157
2023-03-01,18.12727660351845,4.263999594474566,33.83385954919429
2023-04-01,20.278955674937027,5.880612720712164,36.63528011888295
2023-05-01,15.899196926088521,1.4232565125613217,32.44125962814663
2023-06-01,16.588060397008796,2.6149909436443464,32.46384083005631
2023-07-01,13.908161209577251,-1.720976947005648,32.02277339642028
2023-08-01,8.704475009868439,-4.0555006079080025,23.161441896533287
2023-09-01,17.808505904393247,3.483593659881734,34.11637122924902
2023-10-01,18.371054212201887,4.229058750084369,34.4318623168675
2023-11-01,11.319849702202035,-7.569983836017613,34.070180359329406
2023-12-01,4.391043481517709,-16.88282679201999,31.109968476573037
2024-01-01,7.065214971486666,-6.941872069217503,23.180645385612173
2024-02-01,7.469012340294623,-5.613110230377128,22.364330910662922
2024-03-01,0.6030431999856534,-11.245663834141094,14.033553044492365
2024-04-01,4.007005872126812,-8.814194643201267,18.63093414766972
2024-05-01,4.486293321777701,-8.795414962558867,19.702156285704085
2024-06-01,2.674257044607087,-9.437446453783881,16.405762060167906
2024-07-01,2.2357905321366722,-12.296381016615998,19.175890195718726
2024-08-01,-1.3673569406101538,-13.3631025776619,12.289319750878725
2024-09-01,7.080116060003672,-5.545911376904577,21.39391129141883
2024-10-01,4.838587115863668,-7.715080058545743,19.099949974744845
2024-12-01,-8.15439745473121,-27.45100707709238,16.274731971364243
2025-01-01,-8.037278361053325,-19.819271410935567,5.475995542348189
2025-02-01,-3.556642984367675,-15.34034654998413,9.867224036492583
2025-03-01,-7.627764964562534,-18.447087273898866,4.626916687810967
2025-04-01,-5.584013660960673,-16.616007764134732,6.9075518854732065
2025-05-01,-9.140309513437039,-20.138915860872196,3.3730438837012766
2025-06-01,-8.561934766066514,-19.518208648250802,3.88585583518275
2025-07-01,-10.876018131340526,-24.156935318374238,4.730527141389196
2025-08-01,-9.43405549063938,-20.17153438726155,2.7476883329164314
2025-09-01,5.006912480231662,-7.67272980675423,19.427896498532824
2025-10-01,-0.044900979153061904,-11.982307383598856,13.511517097025095
2025-11-01,-7.8062663874395195,-25.02783846844572,13.37120797626219
2025-12-01,-19.186277580669486,-37.734070506544526,4.88653721864114
